id,weight,start,end,heuristic,type
1,13,1,2,,
2,13,2,1,,
3,18,2,3,,
4,18,3,2,,
5,104,2,14,,
6,104,14,2,,
7,1,3,4,,
8,1,4,3,,
9,142,3,27,,
10,142,27,3,,
11,4,4,5,,
12,4,5,4,,
13,3,5,6,,
14,3,6,5,,
15,14,5,11,,
16,14,11,5,,
17,3.5,6,7,,
18,3.5,7,6,,
19,2,7,8,,
20,2,8,7,,
21,5.5,7,10,,
22,5.5,10,7,,
23,4,8,9,,
24,4,9,8,,
25,1,9,49,,2
26,1,49,9,,2
27,10,10,46,,1
28,10,46,10,,1
29,3.5,11,12,,
30,3.5,12,11,,
31,4,12,13,,
32,4,13,12,,
33,10,13,66,,1
34,10,66,13,,1
35,3,14,15,,
36,3,15,14,,
37,22,14,16,,
38,22,16,14,,
39,23,16,17,,
40,23,17,16,,
41,11,16,21,,
42,11,21,16,,
43,4,17,18,,
44,4,18,17,,
45,10.5,17,20,,
46,10.5,20,17,,
47,3.5,18,19,,
48,3.5,19,18,,
49,8,21,22,,
50,8,22,21,,
51,49,21,23,,
52,49,23,21,,
53,1,22,57,,
54,1,57,22,,
55,0.5,23,24,,
56,0.5,24,23,,
57,10,23,26,,
58,10,26,23,,
59,14.5,24,25,,
60,14.5,25,24,,
61,3,27,28,,
62,3,28,27,,
63,19,27,29,,
64,19,29,27,,
65,16,29,30,,
66,16,30,29,,
67,110,29,32,,
68,110,32,29,,
69,27,29,38,,
70,27,38,29,,
71,9.5,30,31,,
72,9.5,31,30,,
73,1,32,33,,
74,1,33,32,,
75,34,33,34,,
76,34,34,33,,
77,8.5,34,35,,
78,8.5,35,34,,
79,16,34,36,,
80,16,36,34,,
81,100,36,37,,
82,100,37,36,,
83,100,36,166,,
84,100,166,36,,
85,100,36,167,,
86,100,167,36,,
87,11.5,38,39,,
88,11.5,39,38,,
89,2,39,40,,
90,2,40,39,,
91,14,39,41,,
92,14,41,39,,
93,10,40,74,,1
94,10,74,40,,1
95,13,41,42,,
96,13,42,41,,
97,11,42,43,,
98,11,43,42,,
99,14,42,44,,
100,14,44,42,,
101,11.5,44,45,,
102,11.5,45,44,,
103,11.5,44,165,,
104,11.5,165,44,,
105,3,46,50,,
106,3,50,46,,
107,6,47,48,,
108,6,48,47,,
109,12,47,49,,
110,12,49,47,,
111,17,47,65,,
112,17,65,47,,
113,4,50,51,,
114,4,51,50,,
115,4.5,50,54,,
116,4.5,54,50,,
117,1,51,52,,
118,1,52,51,,
119,4,52,53,,
120,4,53,52,,
121,1,54,55,,
122,1,55,54,,
123,4,55,56,,
124,4,56,55,,
125,3.5,57,58,,
126,3.5,58,57,,
127,1,58,59,,
128,1,59,58,,
129,3,58,62,,
130,3,62,58,,
131,2,59,60,,
132,2,60,59,,
133,7,60,61,,
134,7,61,60,,
135,1,62,63,,
136,1,63,62,,
137,5,63,64,,
138,5,64,63,,
139,5,66,67,,
140,5,67,66,,
141,3,67,68,,
142,3,68,67,,
143,1,67,71,,
144,1,71,67,,
145,2,68,69,,
146,2,69,68,,
147,5,69,70,,
148,5,70,69,,
149,2,71,72,,
150,2,72,71,,
151,7,72,73,,
152,7,73,72,,
153,5,74,75,,
154,5,75,74,,
155,2.5,75,76,,
156,2.5,76,75,,
157,3.5,75,79,,
158,3.5,79,75,,
159,4,76,77,,
160,4,77,76,,
161,5,77,78,,
162,5,78,77,,
163,4,79,80,,
164,4,80,79,,
165,4,80,81,,
166,4,81,80,,
167,2,82,83,,
168,2,83,82,,
169,5.5,83,84,,
170,5.5,84,83,,
171,3.5,84,85,,
172,3.5,85,84,,
173,4,85,86,,
174,4,86,85,,
175,10,86,156,,1
176,10,156,86,,1
177,6,87,88,,
178,6,88,87,,
179,3.5,88,89,,
180,3.5,89,88,,
181,4,89,90,,
182,4,90,89,,
183,1,90,155,,2
184,1,155,90,,2
185,2,91,92,,
186,2,92,91,,
187,3,92,93,,
188,3,93,92,,
189,3,93,94,,
190,3,94,93,,
191,3,94,95,,
192,3,95,94,,
193,10,95,152,,1
194,10,152,95,,1
195,3.5,96,97,,
196,3.5,97,96,,
197,48,97,98,,
198,48,98,97,,
199,1,98,109,,2
200,1,109,98,,2
201,2,99,100,,
202,2,100,99,,
203,4,100,101,,
204,4,101,100,,
205,3.5,101,102,,
206,3.5,102,101,,
207,2.5,102,103,,
208,2.5,103,102,,
209,10,103,170,,1
210,10,170,103,,1
211,2,104,105,,
212,2,105,104,,
213,5.5,105,106,,
214,5.5,106,105,,
215,3.5,106,107,,
216,3.5,107,106,,
217,4,107,108,,
218,4,108,107,,
219,10,108,169,,1
220,10,169,108,,1
221,82.5,109,110,,
222,82.5,110,109,,
223,1,110,111,,
224,1,111,110,,
225,80,111,112,,
226,80,112,111,,
227,3,112,113,,
228,3,113,112,,
229,5,112,114,,
230,5,114,112,,
231,13,112,117,,
232,13,117,112,,
233,5,114,115,,
234,5,115,114,,
235,5,115,116,,
236,5,116,115,,
237,1,117,118,,2
238,1,118,117,,2
239,4,118,119,,
240,4,119,118,,
241,15,119,120,,
242,15,120,119,,
243,16,120,121,,
244,16,121,120,,
245,13,120,123,,
246,13,123,120,,
247,8,121,122,,
248,8,122,121,,
249,1,123,124,,
250,1,124,123,,
251,46,124,125,,
252,46,125,124,,
253,48,125,126,,
254,48,126,125,,
255,76,125,135,,
256,76,135,125,,
257,1,126,127,,
258,1,127,126,,
259,11,126,131,,
260,11,131,126,,
261,33,127,128,,
262,33,128,127,,
263,37,127,130,,
264,37,130,127,,
265,7,128,129,,
266,7,129,128,,
267,7,128,168,,
268,7,168,128,,
269,15,130,164,,
270,15,164,130,,
271,15,130,171,,
272,15,171,130,,
273,46,131,132,,
274,46,132,131,,
275,10,132,133,,
276,10,133,132,,
277,19,132,134,,
278,19,134,132,,
279,37,135,136,,
280,37,136,135,,
281,34,135,137,,
282,34,137,135,,
283,20,135,142,,
284,20,142,135,,
285,11,137,138,,
286,11,138,137,,
287,9,137,139,,
288,9,139,137,,
289,1,139,140,,
290,1,140,139,,
291,1,140,141,,
292,1,141,140,,
293,1,142,143,,
294,1,143,142,,
295,24,142,144,,
296,24,144,142,,
297,9,144,145,,
298,9,145,144,,
299,3,145,146,,
300,3,146,145,,
301,1,146,147,,
302,1,147,146,,
303,5.5,147,148,,
304,5.5,148,147,,
305,3.5,148,149,,
306,3.5,149,148,,
307,2,148,157,,
308,2,157,148,,
309,2.5,149,150,,
310,2.5,150,149,,
311,13,149,153,,
312,13,153,149,,
313,4,150,151,,
314,4,151,150,,
315,1,151,152,,
316,1,152,151,,
317,1,153,154,,
318,1,154,153,,
319,3,154,155,,
320,3,155,154,,
321,3,154,156,,
322,3,156,154,,
323,11,157,158,,
324,11,158,157,,
325,36,157,161,,
326,36,161,157,,
327,64,158,159,,
328,64,159,158,,
329,1,159,160,,
330,1,160,159,,
331,7,161,162,,
332,7,162,161,,
333,24,161,163,,
334,24,163,161,,
335,10,164,169,,
336,10,169,164,,
337,10,164,170,,
338,10,170,164,,
339,10,171,172,,
340,10,172,171,,
341,10,171,173,,
342,10,173,171,,
